<?xml version="1.0" encoding="UTF-8"?>
<metadata xml:lang="zh"><Esri><CreaDate>20240314</CreaDate><CreaTime>18421600</CreaTime><ArcGISFormat>1.0</ArcGISFormat><SyncOnce>TRUE</SyncOnce><DataProperties><lineage><Process ToolSource="d:\program files32\arcgis\pro\Resources\ArcToolbox\toolboxes\Data Management Tools.tbx\CalculateField" Date="20240314" Time="184216">CalculateField 2019XYG_DL_samples010101 Classvalue 1 Python # Text NO_ENFORCE_DOMAINS</Process></lineage></DataProperties></Esri></metadata>
